Critères du service,,Détails préstataire,,,,,,,,,,
Top de site web,url,Niveau prestataire,url,Budget,url,Delai livraison,url,Plateforme ,url,Triez par la plateforme Fiver,url,Exemple requette croisée
Business,https://fr.fiverr.com/categories/programming-tech/website-development?source=drop_down_filters&filter=auto&offset=-44&limit=48&ref_ctx_id=d43a99d5e41a4187bb0ab162fb9787a8&showprofessioncampaign=false&ref=website_type%3Abusiness,Top Prestataire,https://fr.fiverr.com/categories/programming-tech/website-development?source=drop_down_filters&filter=auto&offset=-44&limit=48&ref_ctx_id=d43a99d5e41a4187bb0ab162fb9787a8&showprofessioncampaign=false&ref=seller_level%3Atop_rated_seller,Inferieur à 168 euros,https://fr.fiverr.com/categories/programming-tech/website-development?source=drop_down_filters&filter=auto&offset=-44&limit=48&ref_ctx_id=d43a99d5e41a4187bb0ab162fb9787a8&showprofessioncampaign=false&ref=price_buckets%3A0,Sous 24h ,https://fr.fiverr.com/categories/programming-tech/website-development?source=drop_down_filters&filter=auto&offset=-44&limit=48&ref_ctx_id=d43a99d5e41a4187bb0ab162fb9787a8&showprofessioncampaign=false&ref=delivery_time%3A1,Wordpress,https://fr.fiverr.com/categories/programming-tech/website-development/wordpress-development?source=category_filters,Recommandés,https://fr.fiverr.com/categories/programming-tech/website-development?source=sorting_by&filter=auto&offset=-44&limit=48&ref_ctx_id=d43a99d5e41a4187bb0ab162fb9787a8&showprofessioncampaign=false,https://fr.fiverr.com/categories/programming-tech/website-development?source=drop_down_filters&filter=auto&offset=-44&limit=48&ref_ctx_id=d43a99d5e41a4187bb0ab162fb9787a8&showprofessioncampaign=false&ref=website_type%3Abusiness%2Ce_commerce%7Cwebsite_features%3Asocial_media%2Cgallery%7Cpackage_includes%3Afunctional_website%2Csocial_media_icons%7Cseller_level%3Atop_rated_seller%2Cna%7Cis_agency%3Atrue%7Cis_seller_online%3Atrue%7Cseller_language%3Aur%2Chi%7Cseller_location%3AGB%7Cprice_buckets%3A1
Boutique e-commerce,https://fr.fiverr.com/categories/programming-tech/website-development?source=drop_down_filters&filter=auto&offset=-44&limit=48&ref_ctx_id=d43a99d5e41a4187bb0ab162fb9787a8&showprofessioncampaign=false&ref=website_type%3Ae_commerce,Niveau 2,https://fr.fiverr.com/categories/programming-tech/website-development?source=drop_down_filters&filter=auto&offset=-44&limit=48&ref_ctx_id=d43a99d5e41a4187bb0ab162fb9787a8&showprofessioncampaign=false&ref=seller_level%3Alevel_two_seller,Entre 168 et 367 euros,https://fr.fiverr.com/categories/programming-tech/website-development?source=drop_down_filters&filter=auto&offset=-44&limit=48&ref_ctx_id=d43a99d5e41a4187bb0ab162fb9787a8&showprofessioncampaign=false&ref=price_buckets%3A1,Jusqu'à 3 jours,https://fr.fiverr.com/categories/programming-tech/website-development?source=drop_down_filters&filter=auto&offset=-44&limit=48&ref_ctx_id=d43a99d5e41a4187bb0ab162fb9787a8&showprofessioncampaign=false&ref=delivery_time%3A3,Shopify,https://fr.fiverr.com/categories/programming-tech/website-development/shopify-development?source=category_filters,Meilleures ventes,https://fr.fiverr.com/categories/programming-tech/website-development?source=sorting_by&filter=rating&offset=-44&limit=48&ref_ctx_id=d43a99d5e41a4187bb0ab162fb9787a8&showprofessioncampaign=false,
Landing Page ,https://fr.fiverr.com/categories/programming-tech/website-development?source=drop_down_filters&filter=auto&offset=-44&limit=48&ref_ctx_id=d43a99d5e41a4187bb0ab162fb9787a8&showprofessioncampaign=false&ref=website_type%3Alanding_page,Niveau 1,https://fr.fiverr.com/categories/programming-tech/website-development?source=drop_down_filters&filter=auto&offset=-44&limit=48&ref_ctx_id=d43a99d5e41a4187bb0ab162fb9787a8&showprofessioncampaign=false&ref=seller_level%3Alevel_one_seller,Superieur 357 euros,https://fr.fiverr.com/categories/programming-tech/website-development?source=drop_down_filters&filter=auto&offset=-44&limit=48&ref_ctx_id=d43a99d5e41a4187bb0ab162fb9787a8&showprofessioncampaign=false&ref=price_buckets%3A2,Jusqu''a 7 jours ,https://fr.fiverr.com/categories/programming-tech/website-development?source=drop_down_filters&filter=auto&offset=-44&limit=48&ref_ctx_id=d43a99d5e41a4187bb0ab162fb9787a8&showprofessioncampaign=false&ref=delivery_time%3A7,En code ,https://fr.fiverr.com/categories/programming-tech/website-development/custom-websites-development?source=category_filters,Dernières nouveautés,https://fr.fiverr.com/categories/programming-tech/website-development?source=pagination&filter=new&page=2&offset=-5&limit=48&ref_ctx_id=098ccddc3ac6478e8a4482f0d342c726&showprofessioncampaign=false,
Blog ,https://fr.fiverr.com/categories/programming-tech/website-development?source=drop_down_filters&filter=auto&offset=-44&limit=48&ref_ctx_id=d43a99d5e41a4187bb0ab162fb9787a8&showprofessioncampaign=false&ref=website_type%3Ablog,Nouveau Prestataire,https://fr.fiverr.com/categories/programming-tech/website-development?source=drop_down_filters&filter=auto&offset=-44&limit=48&ref_ctx_id=d43a99d5e41a4187bb0ab162fb9787a8&showprofessioncampaign=false&ref=seller_level%3Ana,Max X euros,https://fr.fiverr.com/categories/programming-tech/website-development?source=drop_down_filters&filter=auto&offset=-44&limit=48&ref_ctx_id=d43a99d5e41a4187bb0ab162fb9787a8&showprofessioncampaign=false&ref=gig_price_range%3A0%2C40,N'importe quand,https://fr.fiverr.com/categories/programming-tech/website-development?source=drop_down_filters&filter=auto&offset=-44&limit=48&ref_ctx_id=d43a99d5e41a4187bb0ab162fb9787a8&showprofessioncampaign=false,Wix,https://fr.fiverr.com/categories/programming-tech/website-development/wix-development?source=category_filters,,,
Dropshipping ,https://fr.fiverr.com/categories/programming-tech/website-development?source=drop_down_filters&filter=auto&offset=-44&limit=48&ref_ctx_id=d43a99d5e41a4187bb0ab162fb9787a8&showprofessioncampaign=false&ref=website_type%3Adropshipping,Type de prestataire,,,,,,Webflow,https://fr.fiverr.com/categories/programming-tech/website-development/webflow-development?source=category_filters,,,
Portfolio,https://fr.fiverr.com/categories/programming-tech/website-development?source=drop_down_filters&filter=auto&offset=-44&limit=48&ref_ctx_id=d43a99d5e41a4187bb0ab162fb9787a8&showprofessioncampaign=false&ref=website_type%3Aportfolio,Agence,https://fr.fiverr.com/categories/programming-tech/website-development?source=drop_down_filters&filter=auto&offset=-44&limit=48&ref_ctx_id=d43a99d5e41a4187bb0ab162fb9787a8&showprofessioncampaign=false&ref=is_agency%3Atrue,,,,,WooCommerce,https://fr.fiverr.com/categories/programming-tech/website-development/woocommerce-development?source=category_filters,,,
SaaS,https://fr.fiverr.com/categories/programming-tech/website-development?source=drop_down_filters&filter=auto&offset=-44&limit=48&ref_ctx_id=d43a99d5e41a4187bb0ab162fb9787a8&showprofessioncampaign=false&ref=website_type%3Asaas,Disponnibilité du prestataire,,,,,,Squarespace,https://fr.fiverr.com/categories/programming-tech/website-development/squarespace-development?source=category_filters,,,
Education,https://fr.fiverr.com/categories/programming-tech/website-development?source=drop_down_filters&filter=auto&offset=-44&limit=48&ref_ctx_id=d43a99d5e41a4187bb0ab162fb9787a8&showprofessioncampaign=false&ref=website_type%3Aeducation,En ligne maintenant ,https://fr.fiverr.com/categories/programming-tech/website-development?source=drop_down_filters&filter=auto&offset=-44&limit=48&ref_ctx_id=d43a99d5e41a4187bb0ab162fb9787a8&showprofessioncampaign=false&ref=is_seller_online%3Atrue,,,,,Autres CMS,https://fr.fiverr.com/categories/programming-tech/website-development/other-builders-development?source=category_filters,,,
Portail,https://fr.fiverr.com/categories/programming-tech/website-development?source=drop_down_filters&filter=auto&offset=-44&limit=48&ref_ctx_id=d43a99d5e41a4187bb0ab162fb9787a8&showprofessioncampaign=false&ref=website_type%3Aportal,Le prestataire parle ,,,,,,Click Funnel,https://fr.fiverr.com/categories/programming-tech/website-development/clickfunnels-development?source=category_filters,,,
Organisation à but non lucratif ,https://fr.fiverr.com/categories/programming-tech/website-development?source=drop_down_filters&filter=auto&offset=-44&limit=48&ref_ctx_id=d43a99d5e41a4187bb0ab162fb9787a8&showprofessioncampaign=false&ref=website_type%3Anonprofit,Français ,https://fr.fiverr.com/categories/programming-tech/website-development?source=drop_down_filters&filter=auto&offset=-44&limit=48&ref_ctx_id=d43a99d5e41a4187bb0ab162fb9787a8&showprofessioncampaign=false&ref=seller_language%3Afr,,,,,GoDaddy,https://fr.fiverr.com/categories/programming-tech/website-development/godaddy-development?source=category_filters,,,
Divertissement ,https://fr.fiverr.com/categories/programming-tech/website-development?source=drop_down_filters&filter=auto&offset=-44&limit=48&ref_ctx_id=d43a99d5e41a4187bb0ab162fb9787a8&showprofessioncampaign=false&ref=website_type%3Aentertainment,Anglais ,https://fr.fiverr.com/categories/programming-tech/website-development?source=drop_down_filters&filter=auto&offset=-44&limit=48&ref_ctx_id=d43a99d5e41a4187bb0ab162fb9787a8&showprofessioncampaign=false&ref=seller_language%3Aen,,,,,,,,,
Communauté en ligne ,https://fr.fiverr.com/categories/programming-tech/website-development?source=drop_down_filters&filter=auto&offset=-44&limit=48&ref_ctx_id=d43a99d5e41a4187bb0ab162fb9787a8&showprofessioncampaign=false&ref=website_type%3Aentertainment,Ourdou,https://fr.fiverr.com/categories/programming-tech/website-development?source=drop_down_filters&filter=auto&offset=-44&limit=48&ref_ctx_id=d43a99d5e41a4187bb0ab162fb9787a8&showprofessioncampaign=false&ref=seller_language%3Aur,,,,,,,,,
Formulaires,https://fr.fiverr.com/categories/programming-tech/website-development?source=drop_down_filters&filter=auto&offset=-44&limit=48&ref_ctx_id=d43a99d5e41a4187bb0ab162fb9787a8&showprofessioncampaign=false&ref=website_type%3Aforms,Hindi,https://fr.fiverr.com/categories/programming-tech/website-development?source=drop_down_filters&filter=auto&offset=-44&limit=48&ref_ctx_id=d43a99d5e41a4187bb0ab162fb9787a8&showprofessioncampaign=false&ref=seller_language%3Ahi,,,,,,,,,
Offres d'emploi,https://fr.fiverr.com/categories/programming-tech/website-development?source=drop_down_filters&filter=auto&offset=-44&limit=48&ref_ctx_id=d43a99d5e41a4187bb0ab162fb9787a8&showprofessioncampaign=false&ref=website_type%3Ajob_board,Bengali,https://fr.fiverr.com/categories/programming-tech/website-development?source=drop_down_filters&filter=auto&offset=-44&limit=48&ref_ctx_id=d43a99d5e41a4187bb0ab162fb9787a8&showprofessioncampaign=false&ref=seller_language%3Abn,,,,,,,,,
Mariage,https://fr.fiverr.com/categories/programming-tech/website-development?source=drop_down_filters&filter=auto&offset=-44&limit=48&ref_ctx_id=d43a99d5e41a4187bb0ab162fb9787a8&showprofessioncampaign=false&ref=website_type%3Awedding,Arabe,https://fr.fiverr.com/categories/programming-tech/website-development?source=drop_down_filters&filter=auto&offset=-44&limit=48&ref_ctx_id=d43a99d5e41a4187bb0ab162fb9787a8&showprofessioncampaign=false&ref=seller_language%3Aar,,,,,,,,,
Podcasting,https://fr.fiverr.com/categories/programming-tech/website-development?source=drop_down_filters&filter=auto&offset=-44&limit=48&ref_ctx_id=d43a99d5e41a4187bb0ab162fb9787a8&showprofessioncampaign=false&ref=website_type%3Apodcasting,Punjabi,https://fr.fiverr.com/categories/programming-tech/website-development?source=drop_down_filters&filter=auto&offset=-44&limit=48&ref_ctx_id=d43a99d5e41a4187bb0ab162fb9787a8&showprofessioncampaign=false&ref=seller_language%3Apa,,,,,,,,,
Financment participatif ,https://fr.fiverr.com/categories/programming-tech/website-development?source=drop_down_filters&filter=auto&offset=-44&limit=48&ref_ctx_id=d43a99d5e41a4187bb0ab162fb9787a8&showprofessioncampaign=false&ref=website_type%3Acrowdfunding,Russe,https://fr.fiverr.com/categories/programming-tech/website-development?source=drop_down_filters&filter=auto&offset=-44&limit=48&ref_ctx_id=d43a99d5e41a4187bb0ab162fb9787a8&showprofessioncampaign=false&ref=seller_language%3Aru,,,,,,,,,
Brochure,https://fr.fiverr.com/categories/programming-tech/website-development?source=drop_down_filters&filter=auto&offset=-44&limit=48&ref_ctx_id=d43a99d5e41a4187bb0ab162fb9787a8&showprofessioncampaign=false&ref=website_type%3Abrochure,Espagnol,https://fr.fiverr.com/categories/programming-tech/website-development?source=drop_down_filters&filter=auto&offset=-44&limit=48&ref_ctx_id=d43a99d5e41a4187bb0ab162fb9787a8&showprofessioncampaign=false&ref=seller_language%3Aes,,,,,,,,,
Wiki Connaissances,https://fr.fiverr.com/categories/programming-tech/website-development?source=drop_down_filters&filter=auto&offset=-44&limit=48&ref_ctx_id=d43a99d5e41a4187bb0ab162fb9787a8&showprofessioncampaign=false&ref=website_type%3Awiki_knowledge,Chinois,https://fr.fiverr.com/categories/programming-tech/website-development?source=drop_down_filters&filter=auto&offset=-44&limit=48&ref_ctx_id=d43a99d5e41a4187bb0ab162fb9787a8&showprofessioncampaign=false&ref=seller_language%3Azh,,,,,,,,,
Offre service ,,Gujarati,https://fr.fiverr.com/categories/programming-tech/website-development?source=drop_down_filters&filter=auto&offset=-44&limit=48&ref_ctx_id=d43a99d5e41a4187bb0ab162fb9787a8&showprofessioncampaign=false&ref=seller_language%3Agu,,,,,,,,,
Offre de souscription (payé),https://fr.fiverr.com/categories/programming-tech/website-development?source=drop_down_filters&filter=auto&offset=-44&limit=48&ref_ctx_id=d43a99d5e41a4187bb0ab162fb9787a8&showprofessioncampaign=false&ref=subscription%3Atrue,Allemand,https://fr.fiverr.com/categories/programming-tech/website-development?source=drop_down_filters&filter=auto&offset=-44&limit=48&ref_ctx_id=d43a99d5e41a4187bb0ab162fb9787a8&showprofessioncampaign=false&ref=seller_language%3Ade,,,,,,,,,
Consultation vidéo payante,https://fr.fiverr.com/categories/programming-tech/website-development?source=drop_down_filters&filter=auto&offset=-44&limit=48&ref_ctx_id=d43a99d5e41a4187bb0ab162fb9787a8&showprofessioncampaign=false&ref=offer_consultation%3Atrue,Hebreu,https://fr.fiverr.com/categories/programming-tech/website-development?source=drop_down_filters&filter=auto&offset=-44&limit=48&ref_ctx_id=d43a99d5e41a4187bb0ab162fb9787a8&showprofessioncampaign=false&ref=seller_language%3Ahe,,,,,,,,,
Fonctionnalité site web ,,Turc,https://fr.fiverr.com/categories/programming-tech/website-development?source=drop_down_filters&filter=auto&offset=-44&limit=48&ref_ctx_id=d43a99d5e41a4187bb0ab162fb9787a8&showprofessioncampaign=false&ref=seller_language%3Atr,,,,,,,,,
Réseaux sociaux,https://fr.fiverr.com/categories/programming-tech/website-development?source=drop_down_filters&filter=auto&offset=-44&limit=48&ref_ctx_id=d43a99d5e41a4187bb0ab162fb9787a8&showprofessioncampaign=false&ref=website_features%3Asocial_media,Tamoul,https://fr.fiverr.com/categories/programming-tech/website-development?source=drop_down_filters&filter=auto&offset=-44&limit=48&ref_ctx_id=d43a99d5e41a4187bb0ab162fb9787a8&showprofessioncampaign=false&ref=seller_language%3Ata,,,,,,,,,
Paiement,https://fr.fiverr.com/categories/programming-tech/website-development?source=drop_down_filters&filter=auto&offset=-44&limit=48&ref_ctx_id=d43a99d5e41a4187bb0ab162fb9787a8&showprofessioncampaign=false&ref=website_features%3Apayment,Ukrainien ,https://fr.fiverr.com/categories/programming-tech/website-development?source=drop_down_filters&filter=auto&offset=-44&limit=48&ref_ctx_id=d43a99d5e41a4187bb0ab162fb9787a8&showprofessioncampaign=false&ref=seller_language%3Auk,,,,,,,,,
Marketing ,https://fr.fiverr.com/categories/programming-tech/website-development?source=drop_down_filters&filter=auto&offset=-44&limit=48&ref_ctx_id=d43a99d5e41a4187bb0ab162fb9787a8&showprofessioncampaign=false&ref=website_features%3Amarketing,Italien,https://fr.fiverr.com/categories/programming-tech/website-development?source=drop_down_filters&filter=auto&offset=-44&limit=48&ref_ctx_id=d43a99d5e41a4187bb0ab162fb9787a8&showprofessioncampaign=false&ref=seller_language%3Ait,,,,,,,,,
Formulaire,https://fr.fiverr.com/categories/programming-tech/website-development?source=drop_down_filters&filter=auto&offset=-44&limit=48&ref_ctx_id=d43a99d5e41a4187bb0ab162fb9787a8&showprofessioncampaign=false&ref=website_features%3Aform,Polonais,https://fr.fiverr.com/categories/programming-tech/website-development?source=drop_down_filters&filter=auto&offset=-44&limit=48&ref_ctx_id=d43a99d5e41a4187bb0ab162fb9787a8&showprofessioncampaign=false&ref=seller_language%3Apl,,,,,,,,,
Assistance client,https://fr.fiverr.com/categories/programming-tech/website-development?source=drop_down_filters&filter=auto&offset=-44&limit=48&ref_ctx_id=d43a99d5e41a4187bb0ab162fb9787a8&showprofessioncampaign=false&ref=website_features%3Acustomer_support,Portugais,https://fr.fiverr.com/categories/programming-tech/website-development?source=drop_down_filters&filter=auto&offset=-44&limit=48&ref_ctx_id=d43a99d5e41a4187bb0ab162fb9787a8&showprofessioncampaign=false&ref=seller_language%3Apt,,,,,,,,,
Galerie,https://fr.fiverr.com/categories/programming-tech/website-development?source=drop_down_filters&filter=auto&offset=-44&limit=48&ref_ctx_id=d43a99d5e41a4187bb0ab162fb9787a8&showprofessioncampaign=false&ref=website_features%3Agallery,Marathi,https://fr.fiverr.com/categories/programming-tech/website-development?source=drop_down_filters&filter=auto&offset=-44&limit=48&ref_ctx_id=d43a99d5e41a4187bb0ab162fb9787a8&showprofessioncampaign=false&ref=seller_language%3Amr,,,,,,,,,
Livraison,https://fr.fiverr.com/categories/programming-tech/website-development?source=drop_down_filters&filter=auto&offset=-44&limit=48&ref_ctx_id=d43a99d5e41a4187bb0ab162fb9787a8&showprofessioncampaign=false&ref=website_features%3Ashipping,Telugu,https://fr.fiverr.com/categories/programming-tech/website-development?source=drop_down_filters&filter=auto&offset=-44&limit=48&ref_ctx_id=d43a99d5e41a4187bb0ab162fb9787a8&showprofessioncampaign=false&ref=seller_language%3Ate,,,,,,,,,
Chat,https://fr.fiverr.com/categories/programming-tech/website-development?source=drop_down_filters&filter=auto&offset=-44&limit=48&ref_ctx_id=d43a99d5e41a4187bb0ab162fb9787a8&showprofessioncampaign=false&ref=website_features%3Achat,Persan,https://fr.fiverr.com/categories/programming-tech/website-development?source=drop_down_filters&filter=auto&offset=-44&limit=48&ref_ctx_id=d43a99d5e41a4187bb0ab162fb9787a8&showprofessioncampaign=false&ref=seller_language%3Afa,,,,,,,,,
Inventaire,https://fr.fiverr.com/categories/programming-tech/website-development?source=drop_down_filters&filter=auto&offset=-44&limit=48&ref_ctx_id=d43a99d5e41a4187bb0ab162fb9787a8&showprofessioncampaign=false&ref=website_features%3Ainventory,Neanrlandais,https://fr.fiverr.com/categories/programming-tech/website-development?source=drop_down_filters&filter=auto&offset=-44&limit=48&ref_ctx_id=d43a99d5e41a4187bb0ab162fb9787a8&showprofessioncampaign=false&ref=seller_language%3Anl,,,,,,,,,
Statistiques,https://fr.fiverr.com/categories/programming-tech/website-development?source=drop_down_filters&filter=auto&offset=-44&limit=48&ref_ctx_id=d43a99d5e41a4187bb0ab162fb9787a8&showprofessioncampaign=false&ref=website_features%3Aanalytics,Malayalam,https://fr.fiverr.com/categories/programming-tech/website-development?source=drop_down_filters&filter=auto&offset=-44&limit=48&ref_ctx_id=d43a99d5e41a4187bb0ab162fb9787a8&showprofessioncampaign=false&ref=seller_language%3Aml,,,,,,,,,
FAQ,https://fr.fiverr.com/categories/programming-tech/website-development?source=drop_down_filters&filter=auto&offset=-44&limit=48&ref_ctx_id=d43a99d5e41a4187bb0ab162fb9787a8&showprofessioncampaign=false&ref=website_features%3Afaq,Vietnamien,https://fr.fiverr.com/categories/programming-tech/website-development?source=drop_down_filters&filter=auto&offset=-44&limit=48&ref_ctx_id=d43a99d5e41a4187bb0ab162fb9787a8&showprofessioncampaign=false&ref=seller_language%3Avi,,,,,,,,,
Reservation,https://fr.fiverr.com/categories/programming-tech/website-development?source=drop_down_filters&filter=auto&offset=-44&limit=48&ref_ctx_id=d43a99d5e41a4187bb0ab162fb9787a8&showprofessioncampaign=false&ref=website_features%3Abooking,Kanneda,https://fr.fiverr.com/categories/programming-tech/website-development?source=drop_down_filters&filter=auto&offset=-44&limit=48&ref_ctx_id=d43a99d5e41a4187bb0ab162fb9787a8&showprofessioncampaign=false&ref=seller_language%3Akn,,,,,,,,,
Vidéo,https://fr.fiverr.com/categories/programming-tech/website-development?source=drop_down_filters&filter=auto&offset=-44&limit=48&ref_ctx_id=d43a99d5e41a4187bb0ab162fb9787a8&showprofessioncampaign=false&ref=website_features%3Avideo,Thai,https://fr.fiverr.com/categories/programming-tech/website-development?source=drop_down_filters&filter=auto&offset=-44&limit=48&ref_ctx_id=d43a99d5e41a4187bb0ab162fb9787a8&showprofessioncampaign=false&ref=seller_language%3Ath,,,,,,,,,
Forum,https://fr.fiverr.com/categories/programming-tech/website-development?source=drop_down_filters&filter=auto&offset=-44&limit=48&ref_ctx_id=d43a99d5e41a4187bb0ab162fb9787a8&showprofessioncampaign=false&ref=website_features%3Aforum,Oriya,https://fr.fiverr.com/categories/programming-tech/website-development?source=drop_down_filters&filter=auto&offset=-44&limit=48&ref_ctx_id=d43a99d5e41a4187bb0ab162fb9787a8&showprofessioncampaign=false&ref=seller_language%3Aor,,,,,,,,,
Carte,https://fr.fiverr.com/categories/programming-tech/website-development?source=drop_down_filters&filter=auto&offset=-44&limit=48&ref_ctx_id=d43a99d5e41a4187bb0ab162fb9787a8&showprofessioncampaign=false&ref=website_features%3Amap,Birman,https://fr.fiverr.com/categories/programming-tech/website-development?source=drop_down_filters&filter=auto&offset=-44&limit=48&ref_ctx_id=d43a99d5e41a4187bb0ab162fb9787a8&showprofessioncampaign=false&ref=seller_language%3Amy,,,,,,,,,
Adhésion,https://fr.fiverr.com/categories/programming-tech/website-development?source=drop_down_filters&filter=auto&offset=-44&limit=48&ref_ctx_id=d43a99d5e41a4187bb0ab162fb9787a8&showprofessioncampaign=false&ref=website_features%3Amembership,Javanais,https://fr.fiverr.com/categories/programming-tech/website-development?source=drop_down_filters&filter=auto&offset=-44&limit=48&ref_ctx_id=d43a99d5e41a4187bb0ab162fb9787a8&showprofessioncampaign=false&ref=seller_language%3Ajw,,,,,,,,,
Evenements,https://fr.fiverr.com/categories/programming-tech/website-development?source=drop_down_filters&filter=auto&offset=-44&limit=48&ref_ctx_id=d43a99d5e41a4187bb0ab162fb9787a8&showprofessioncampaign=false&ref=website_features%3Aevents,,,,,,,,,,,
Calendrier,https://fr.fiverr.com/categories/programming-tech/website-development?source=drop_down_filters&filter=auto&offset=-44&limit=48&ref_ctx_id=d43a99d5e41a4187bb0ab162fb9787a8&showprofessioncampaign=false&ref=website_features%3Acalendar,,,,,,,,,,,
Musique,https://fr.fiverr.com/categories/programming-tech/website-development?source=drop_down_filters&filter=auto&offset=-44&limit=48&ref_ctx_id=d43a99d5e41a4187bb0ab162fb9787a8&showprofessioncampaign=false&ref=website_features%3Amusic,,,,,,,,,,,
Autres,https://fr.fiverr.com/categories/programming-tech/website-development?source=drop_down_filters&filter=auto&offset=-44&limit=48&ref_ctx_id=d43a99d5e41a4187bb0ab162fb9787a8&showprofessioncampaign=false&ref=website_features%3Aother,,,,,,,,,,,
Sercice comprennant ,,,,,,,,,,,,
Site web fonctionnel,https://fr.fiverr.com/categories/programming-tech/website-development?source=drop_down_filters&filter=auto&offset=-44&limit=48&ref_ctx_id=d43a99d5e41a4187bb0ab162fb9787a8&showprofessioncampaign=false&ref=package_includes%3Afunctional_website,,,,,,,,,,,
Telechargement du contenu,https://fr.fiverr.com/categories/programming-tech/website-development?source=drop_down_filters&filter=auto&offset=-44&limit=48&ref_ctx_id=d43a99d5e41a4187bb0ab162fb9787a8&showprofessioncampaign=false&ref=package_includes%3Acontent_upload,,,,,,,,,,,
Conception réactive ,https://fr.fiverr.com/categories/programming-tech/website-development?source=drop_down_filters&filter=auto&offset=-44&limit=48&ref_ctx_id=d43a99d5e41a4187bb0ab162fb9787a8&showprofessioncampaign=false&ref=package_includes%3Aresponsive_design,,,,,,,,,,,
Icones de media sociaux,https://fr.fiverr.com/categories/programming-tech/website-development?source=drop_down_filters&filter=auto&offset=-44&limit=48&ref_ctx_id=d43a99d5e41a4187bb0ab162fb9787a8&showprofessioncampaign=false&ref=package_includes%3Asocial_media_icons,,,,,,,,,,,
Fonctionnalité e-commerce,https://fr.fiverr.com/categories/programming-tech/website-development?source=drop_down_filters&filter=auto&offset=-44&limit=48&ref_ctx_id=d43a99d5e41a4187bb0ab162fb9787a8&showprofessioncampaign=false&ref=package_includes%3Ae_commerce_functionality,,,,,,,,,,,
Optimisation de la vitesse,https://fr.fiverr.com/categories/programming-tech/website-development?source=drop_down_filters&filter=auto&offset=-44&limit=48&ref_ctx_id=d43a99d5e41a4187bb0ab162fb9787a8&showprofessioncampaign=false&ref=package_includes%3Aspeed_optimization,,,,,,,,,,,
Traitement des paiement,https://fr.fiverr.com/categories/programming-tech/website-development?source=drop_down_filters&filter=auto&offset=-44&limit=48&ref_ctx_id=d43a99d5e41a4187bb0ab162fb9787a8&showprofessioncampaign=false&ref=package_includes%3Apayment_processing,,,,,,,,,,,
Formulaire d'inscription,https://fr.fiverr.com/categories/programming-tech/website-development?source=drop_down_filters&filter=auto&offset=-44&limit=48&ref_ctx_id=d43a99d5e41a4187bb0ab162fb9787a8&showprofessioncampaign=false&ref=package_includes%3Aopt_in_form,,,,,,,,,,,
Configuration de l'hebergement,https://fr.fiverr.com/categories/programming-tech/website-development?source=drop_down_filters&filter=auto&offset=-44&limit=48&ref_ctx_id=d43a99d5e41a4187bb0ab162fb9787a8&showprofessioncampaign=false&ref=package_includes%3Ahosting_setup,,,,,,,,,,,